Scadenza,Titolo,Descrizione,URL,Topics,Area Classification,Tipologia Scadenza,Stanziamento
09/10/2024,Telecomunicazioni del futuro: pubblicati due nuovi bandi RESTART per progetti di ricerca e programmi di accelerazione,Entrambi i bandi sono stati pubblicati nell'ambito dello Spoke 2 del partenariato esteso RESTART,https://first.art-er.it/news/aperti-2-bandi-spoke-2-integrazione-di-reti-e-servizi,PNRR - Bandi a cascata,N/A,Singola,€ 1.200.000€ 80.000
09/10/2024,Al via il premio per donne innovatrici di EIT Manufacturing,EIT RIS LEADERS mira a premiare le donne che hanno realizzato soluzioni rivolte alle sfide legate al settore manifatturiero,https://first.art-er.it/news/bando-eit-ris-leaders-di-eit-manufacturing,Gender equality,Unione Europea,A due fasi,€ 26.100
10/10/2024,COPILOT: aperte due call nell'ambito della bioeconomia,"I bandi supportano la creazione di infrastrutture pilota in tutta l'Unione europea, accelerando l'innovazione",https://first.art-er.it/news/aperte-due-call-copilot-pmi-e-bio-innovatori,Cascade funding,Unione Europea,Singola,€ 200.000
10/10/2024,EIT: al via il nuovo bando Co-create New European Bauhaus,Il bando mira a favorire nuove soluzioni per la trasformazione urbana e si chiuderà il 10 ottobre 2024,https://first.art-er.it/news/eit-bando-co-create-new-european-bauhaus-2024,NEB - New European Bauhaus,Unione Europea,Singola,€ 360.000
10/10/2024,Chips JU: 4 nuovi bandi per progetti di ricerca e innovazione nel settore dei componenti elettronici,La Chips JU ha pubblicato 4 nuove call per progetti di ricerca e innovazione nel settore dei semiconduttori,https://first.art-er.it/news/semiconduttori-3-nuove-call-di-chips-ju,N/A,Unione Europea,Singola,€ 325.000.000
10/10/2024,Innovative Health Initiative: pubblicata la nuova call a sostegno di progetti di ricerca,"Il nuovo bando IHI mira a supportare la ricerca su temi critici come le malattie cardiache e l'osteoartrite, facilitando la sperimentazione regolatoria",https://first.art-er.it/news/nuovi-bandi-ihi-innovazioni-nella-salute-urbana,N/A,Unione Europea,A due fasi,€ 96.600.000
10/10/2024,Cancro: pubblicati nuovi bandi nell'ambito del programma EU4Health,"L'Agenzia esecutiva europea per la salute e il digitale (HaDEA) ha pubblicato quattro nuovi bandi sul tema del cancro, nell'ambito del programma di lavoro 2024 di EU4Health",https://first.art-er.it/news/cancro-nuovi-bandi-nellambito-del-programma-eu4health,N/A,Unione Europea,Singola,€ 25.400.000
10/10/2024,EuroHPC: pubblicato il bando Extreme Scale Access Mode,"Il bando EuroHPC prevede tre percorsi disponibili per le candidature, per gli ambiti scientifico, industriale e pubblico, da presentare a scadenze multiple",https://first.art-er.it/news/eurohpc-bando-modalita-di-accesso-extreme-scale,N/A,Unione Europea,A scadenza multipla,N/A
10/10/2024,Pubblicate le call 6 e 7 dell'Innovative Health Initiative,Le call sono finanziate con un budget complessivo di circa € 120.000.000,https://first.art-er.it/news/call-6-e-7-innovative-health-initiative,N/A,Unione Europea,N/A,circa € 120.000.000
10/10/2024,Al via un bando per esperti per la transizione digitale e sostenibile nell'automotive,La call si rivolge ad esperti che possiedono esperienza nella digitalizzazione e nella trasformazione green,https://first.art-er.it/news/call-esperti-doppia-transizione-nellautomotive,N/A,Unione Europea,Singola,N/A
11/10/2024,MUR: nuovo bando per progetti di ricerca industriale e sviluppo sperimentale,Le proposte dovranno essere presentate da singoli ricercatori insieme all'impresa presso cui si prevede di svolgere le attività progettuali,https://first.art-er.it/news/mur-nuovo-bando-progetti-di-ricerca-industriale-e-sviluppo-sperimentale,N/A,Italia,Singola,€ 172.109.273
11/10/2024,Intelligenza artificiale: nuovo bando RER per la realizzazione di dimostratori industriali di filiera,"Il bando finanzia la creazione di laboratori attrezzati con le principali tecnologie di Industria 4.0 a disposizione di imprenditori, tecnici e professionisti dell'Emilia-Romagna che vogliano esplorare le potenzialità dell’IA",https://first.art-er.it/news/bando-rer-progetti-di-sviluppo-industriale-su-ia,N/A,N/A,Singola,€ 1.400.000
11/10/2024,Connettività: online la seconda call del progetto 6G-BRICKS,"Le proposte progettuali definitive possono essere presentate entro la scadenza del 29 novembre 2024, dopo aver superato il feasibility check",https://first.art-er.it/news/connettivita-aperta-la-seconda-call-di-6g-bricks,Cascade funding,Unione Europea,Singola,massimo € 120.000 per progetto
14/10/2024,Scienza e tecnologia quantistica: secondo bando PNRR per progetti di ricerca e sviluppo integrati,Il bando è finanziato nell'ambito dello Spoke 9 del Partenariato Esteso NQSTI finanziato dal MUR con fondi PNRR,https://first.art-er.it/news/bando-pnrr-rs-integrati-su-tecnologia-quantistica,"Quantum, PNRR - Bandi a cascata",N/A,Singola,€ 1.279.700
14/10/2024,BRIDGESMEs: pubblicata una Call for Expression of Interest per PMI pilota,Il progetto cerca PMI e start-up da supportare per accelerare la loro trasformazione tecnologica e aumentare il loro potenziale di mercato,https://first.art-er.it/news/bridgesmes-call-eoi-sostegno-delle-pmi-pilota,N/A,Unione Europea,Singola,N/A
14/10/2024,In partenza il secondo bando per ricercatori del progetto ENFIELD,Il bando ENFIELD per l'attrattività e mobilità dei ricercatori resterà aperto fino al 14 ottobre 2024,https://first.art-er.it/news/bando-ricercatori-del-progetto-europeo-enfield,"Artificial Intelligence, Cascade funding",Unione Europea,Singola,€ 1.100.000
14/10/2024,NetZeroCities: al via il bando per la trasformazione sostenibile dei centri urbani,Il bando è rivolo alle Mission Cities e chiuderà il 14 ottobre 2024,https://first.art-er.it/news/bando-centri-della-missione-ue-sulle-citta,Città del futuro,Unione Europea,Singola,€ 22.800.000
14/10/2024,Iniziativa Urbana Europea: terzo bando per Azioni innovative,"“Transizione energetica” e ""Tecnologia nelle città” i temi al centro del nuovo bando",https://first.art-er.it/news/european-urban-initiative-bando-azioni-innovative-0,N/A,Unione Europea,Singola,€ 90.000.000
15/10/2024,Emilia-Romagna: nuovo percorso di accelerazione per startup in linea con la Strategia di Specializzazione Intelligente regionale,Il programma di accelerazione selezionerà fino a 8 startup o team di innovatori con sede sul suolo regionale,https://first.art-er.it/news/bando-rer-percorso-startup-linea-con-s3,Innovazione sociale,N/A,Singola,fino a € 20.000 in kind per startup selezionata
15/10/2024,Targeted Open Call: nuovo bando per progetti di innovazione urbana,"Il bando 2025 finanzia progetti per ridurre l'inquinamento urbano e promuovere la sicurezza stradale, puntando alla neutralità climatica entro il 2030",https://first.art-er.it/news/mobilita-urbana-sostenibile-pubblicato-nuovo-bando,Città del futuro,Unione Europea,Singola,€ 5.000.000
15/10/2024,Innowide: al via il nuovo bando per progetti di fattibilità per PMI,La call per progetti di fattibilità rimarrà aperta fino al 15 ottobre 2024,https://first.art-er.it/news/bando-2024-innowide-eu-partnership-innovative-smes-0,N/A,Unione Europea,Singola,€ 4.200.000
15/10/2024,Valutazione del rischio climatico: al via la seconda call CLIMAXX per regioni e comunità,Il bando scade il 15 ottobre 2024,https://first.art-er.it/news/rischio-climaticamente-correlato-call-climaxx-0,,Unione Europea,Singola,massimo € 300.000 per progetto finanziato
15/10/2024,Open Innovation Scouting: aperte le selezioni dedicate ai ricercatori dell'Emilia-Romagna,"L'iniziativa ""Open Innovation Scouting è un programma technology based dedicato a imprese regionali interessate allo scouting di soluzioni e tecnologie innovative provenienti dal sistema della ricerca regionale",https://first.art-er.it/news/open-innovation-scouting-opportunita-ricercatori,PNRR - Bandi a cascata,N/A,Singola,N/A
16/10/2024,Al via il bando per i Gender Equality Champions,"Le candidature per le tre categorie premiano risultati eccezionali raggiunti attraverso l’attuazione dei piani per l’uguaglianza di genere, e rimarranno aperte fino al 16 ottobre 2024",https://first.art-er.it/news/bando-gender-equality-champions,Gender equality,Unione Europea,Singola,€ 400.000
16/10/2024,Resilmesh: aperto bando per affrontare le minacce alla sicurezza digitale,"Le candidature per il bando Resilmesh, rivolto a sviluppatori e PMI per soluzioni avanzate di cybersecurity, sono aperte fino al 16 ottobre 2024",https://first.art-er.it/news/resilmesh-bando-potenziare-la-sicurezza-digitale,Cascade funding,Unione Europea,Singola,€ 360.000
16/10/2024,ICAERUS: lanciata la seconda PULL Open Call per progetti innovativi nel settore dei droni,Il termine ultimo per presentare la propria candidatura è fissato al 16 ottobre 2024,https://first.art-er.it/news/icaerus-lanciata-la-seconda-pull-open-call,,Unione Europea,Singola,€ 300.000
16/10/2024,Bando 2024 EIC Pathfinder di Horizon Europe: supporto per la ricerca o lo sviluppo di tecnologie emergenti rivoluzionarie,Il bando offre sostegno ai team di ricerca per l'esplorazione di idee audaci per tecnologie radicalmente innovative,https://first.art-er.it/news/bando-2024-eic-pathfinder-di-horizon-europe,EIC,Unione Europea,A scadenza multipla,€ 256.000.000
17/10/2024,Cyber Resilience Act: la Commissione europea seleziona esperti in cybersicurezza,Il bando della Commissione europea mira a istituire un Gruppo di esperti nell'ambito del quadro della normativa europea sulla cybersicurezza,https://first.art-er.it/news/cyber-resilience-act-bando-esperti,N/A,Unione Europea,Singola,N/A
18/10/2024,Transizione Energetica Sostenibile: nuovo bando PNRR per progetti di ricerca,Il bando è stato pubblicato nell'ambito delle attività dello Spoke 2 del partenariato esteso NEST,https://first.art-er.it/news/transizione-energetica-sostenibile-pnrr-ricerca-6,PNRR - Bandi a cascata,N/A,Singola,€ 1.500.000
21/10/2024,EIT Digital: al via Open Innovation Factory 2024 per la crescita di start up deep-tech,Il primo cut-off del Programma Open Innovation Factory 2024 di EIT Digital per la crescita di startup deep-tech è fissato al 10 aprile 2024,https://first.art-er.it/news/eit-digital-open-innovation-factory-2024-startup,Deep tech,Unione Europea,A scadenza multipla,massimo € 400.000 per team selezionato
22/10/2024,Connecting Europe Facility: pubblicato un nuovo bando per progetti transfrontalieri sull'energia,La scadenza per partecipare è fissata al 22 ottobre 2024,https://first.art-er.it/news/cef-sostegno-progetti-transfrontalieri-sullenergia,N/A,Unione Europea,Singola,€ 850.000.0000
23/10/2024,Italia - Brasile: pubblicato un nuovo bando per progetti di ricerca congiunti,Il termine ultimo per partecipare al bando è fissato al 23 ottobre 2024,https://first.art-er.it/news/cooperazione-italia-brasile-progetti-di-ricerca,N/A,Italia,Singola,N/A
23/10/2024,COST: aperto il bando 2024 a supporto di reti di ricerca interdisciplinari,"La missione di COST è fornire opportunità di networking per ricercatori e innovatori al fine di rafforzare la capacità dell'UE di affrontare le sfide scientifiche, tecnologiche e sociali",https://first.art-er.it/news/cost-bando-2024-networking-nei-settori-scientifici,N/A,Unione Europea,Singola,N/A
24/10/2024,Soluzioni terapeutiche innovative per tumori: nuovo bando PNRR per progetti di ricerca,"Il bando è stato pubblicato nell'ambito delle attività dello Spoke 4 di ANTHEM, iniziativa finanziata dal Piano Nazionale Complementare al PNRR",https://first.art-er.it/news/bando-pnrr-ricerca-su-assistenza-sanitaria,PNRR - Bandi a cascata,Italia,Singola,€ 340.000
25/10/2024,SILEO: nuovo bando su tecnologie avanzate per PMI nei settori dell'illuminazione e dell'arredamento,Il bando è dedicato a progetti per lo sviluppo di tecnologie avanzate attraverso la prototipazione o applicazioni pilota nei settori dell'illuminazione e dell'arredamento,https://first.art-er.it/news/sileo-bando-pmi-illuminazione-e-arredamento,Cascade funding,Unione Europea,Singola,€ 262.500
28/10/2024,Tecnologie 4.0 e prevenzione digitale: nuova opportunità per progetti di ricerca,"Il bando è stato pubblicato nell'ambito delle attività dello Spoke 3 di DARE, iniziativa finanziata dal Piano Nazionale Complementare al PNRR",https://first.art-er.it/news/prevenzione-digitale-bando-pnrr-ricerca-0,PNRR - Bandi a cascata,N/A,Singola,€ 4.000.000
29/10/2024,EIT Manufacturing: aperto il bando Transform 2024,"La call intende sostenere progetti pilota di aziende manifatturiere, PMI e startup su una specifica sfida industriale",https://first.art-er.it/news/eit-manufacturing-aperto-il-bando-transform-2024,N/A,Unione Europea,A scadenza multipla,€ 300.000
30/10/2024,Rome Technopole: nuovo bando a sostegno di PMI e start-up innovative,"Il nuovo bando Rome Technopole offre 1,25 milioni di euro per sostenere l'innovazione in transizione energetica, digitale e biopharma",https://first.art-er.it/news/rome-technopole-bando-transizione-e-innovazione,Cascade funding,N/A,Singola,€ 1.250.000
30/10/2024,"Pubblicato il bando Vinnovate 2024 per un'industria più digitalizzata, sostenibile e autonoma",VInnovate è un nuovo strumento di finanziamento ideato dalla Vanguard Initiative e promosso da undici regioni europee tra cui la regione Emilia-Romagna,https://first.art-er.it/news/pubblicato-il-bando-vinnovate-2024,N/A,Unione Europea,Singola,N/A
30/10/2024,INDUSAC: aperta la call a sostegno della collaborazione tra mondo universitario e impresa,"INDUSAC promuove la collaborazione tra sinergia tra le imprese, i ricercatori e gli studenti universitari, contribuendo allo sviluppo delle tecnologie digitali e industriali",https://first.art-er.it/news/open-call-di-indusac-studenti-e-ricercatori,N/A,Unione Europea,A scadenza multipla,€ 900.000
31/10/2024,EIT Urban Mobility: aperto il bando per le Twin Cities di NetZeroCities,Le candidature per i percorsi di neutralità climatica delle città resteranno aperte fino al 31 ottobre 2024,https://first.art-er.it/news/eit-urban-mobility-bando-twin-cities-netzerocities,Città del futuro,Unione Europea,Singola,N/A
31/10/2024,Southern European Entrepreneurship Engine: aperta la call S3E Reverse per start-up e PMI,"L'iniziativa del programma S3E mira a supportare lo sviluppo di progetti deep tech, offrendo un programma personalizzato ai beneficiari",https://first.art-er.it/news/shouth3e-finanziamenti-start-e-pmi-deeptech-0,Deep tech,Unione Europea,Singola,N/A
31/10/2024,STUDIOTOPIA: aperta la seconda edizione del programma di residenza,Il programma invita artisti e scienziati a collaborare per esplorare il concetto di Symbiocene e promuovere soluzioni sostenibili innovative,https://first.art-er.it/news/studiotopia-aperte-le-iscrizioni-alla-residenza-2024,N/A,Unione Europea,Singola,N/A
31/10/2024,Progetto dAIEDGE: al via la prima open call,L'open call mira a finanziare programmi di scambio per ricercatori nell'ambito dell'Intelligenza Artificiale,https://first.art-er.it/news/prima-open-call-del-progetto-daiedge,"Artificial Intelligence, Cascade funding",Unione Europea,Singola,€ 600.000
31/10/2024,FORWARDS: pubblicati due nuovi bandi per il monitoraggio climatico delle foreste,Le call mirano a sviluppare siti pilota per il monitoraggio degli impatti climatici sulle foreste,https://first.art-er.it/news/due-bandi-cascata-il-monitoraggio-climatico,Cascade funding,Unione Europea,Singola,Pilots of long-term climate impact forest monitoring sites – Linking stand-level information and remote sensing: € 290.000.Pilots of long-term climate impact forest monitoring sites: Providing temporally resolved ecosystem-level information on the effects of climatic drivers on forest structure and function in near real-time: € 725.000.
31/10/2024,Aerospazio: nuovo bando MIMIT per progetti di ricerca e sviluppo,Ammissibili progetti essenziali per la Sicurezza Nazionale presentati da imprese del settore aerospazio,https://first.art-er.it/news/aerospazio-nuovo-bando-mimit-progetti-di-ricerca-e-sviluppo,N/A,Italia,Singola,N/A
31/10/2024,RER: nuovo bando a sostegno degli investimenti delle Comunità Energetiche Rinnovabili,Il bando mira a promuovere la produzione di energia da fonti rinnovabili delle Comunità Energetiche Rinnovabili,https://first.art-er.it/news/rer-bando-sostegno-delle-cer,N/A,N/A,Singola,€ 6.000.000
01/11/2024,EuroHPC: a breve una nuova call per avviare le AI Factories,Emendato il Programma di lavoro 2024 per includere il nuovo pilastro sulle AI Factories,https://first.art-er.it/news/annunciata-call-eurohpc-le-ai-factories,Artificial Intelligence,Unione Europea,A scadenza multipla,N/A
01/11/2024,Automotive: aperta nuova call per servizi dedicati alle PMI europee,Il bando offre servizi di coaching e mentoring con l'obiettivo di aumentare la digitalizzazione e la sostenibilità ambientale delle PMI europee attive nel settore dell'automotive e dei trasporti,https://first.art-er.it/news/pmi-call-ricevere-servizi-nel-settore-mta,N/A,Unione Europea,A sportello,€ 190.000
03/11/2024,Nuovo bando ESA per la sostenibilità del settore farmaceutico,Il bando sostiene studi di fattibilità tecnica e commerciale di servizi che affrontano le sfide di sostenibilità del settore farmaceutico utilizzando dati satellitari o tecnologie spaziali,https://first.art-er.it/news/bando-ridurre-limpatto-ambientale-dei-farmaci,Transizione verde,Unione Europea,Singola,fino a € 100.000 a progetto
05/11/2024,Prevenzione Primaria Digitale di Comunità: nuovo bando per progetti di ricerca,"Il bando è stato pubblicato nell'ambito delle attività dello Spoke 2 di DARE, iniziativa finanziata dal Piano Nazionale Complementare al PNRR",https://first.art-er.it/news/prevenzione-digitale-bando-pnrr-ricerca-1,PNRR - Bandi a cascata,N/A,Singola,€ 6.500.000
05/11/2024,EIT Health: aperti i nuovi bandi Flagship,Sono online i due bandi 2024 EIT Health Flagship 'The Re-Industrialisation of Europe' e 'Digital Transformation of Healthcare' per affrontare sfide specifiche e prioritarie per la salute,https://first.art-er.it/news/eit-health-nuovi-bandi-flagship-2024,N/A,Unione Europea,Singola,massimo € 1.000.000 per progetto nell'ambito della call 'The Re-Industrialisation of Europe'
05/11/2024,EDF 2024: aperte nuove call per potenziare le capacità difensive e l'innovazione,Il Fondo Europeo della Difesa mira a potenziare le capacità difensive dell'Unione europea attraverso finanziamenti mirati a progetti di ricerca e sviluppo collaborativi,https://first.art-er.it/news/difesa-ue-aperte-le-nuove-open-call-dello-edf,"Quantum, Difesa UE",Unione Europea,Singola,€ 1.000.000.000
05/11/2024,Digital Europe: nuovo bando per un ecosistema sicuro di identità digitali,"Il bando intende sostenere l'implementazione dell'ecosistema europeo di fiducia per l'identità digitale, per gestire la transizione tra gli attuali e futuri quadri normativi",https://first.art-er.it/news/bando-digital-europe-identita-digitali-sicure,Europa digitale,Unione Europea,Singola,€ 20.000.000
06/11/2024,ESA: bando per l'uso di soluzioni innovative spaziali a tutela dei bambini,"Il nuovo bando ESA finanzia progetti che utilizzano dati spaziali per proteggere i bambini migranti e scomparsi, affrontando sfide globali",https://first.art-er.it/news/bando-soluzioni-spaziali-tutela-dei-bambini,N/A,Unione Europea,Singola,Fino a € 200.000
06/11/2024,La Regione Emilia-Romagna prima regione europea nel partenariato europeo Blue Sustainable Economy,L'iniziativa permetterà di accedere al cofinanziamento regionale previsto per il bando europeo del partenariato SBEP di Horizon Europe,https://first.art-er.it/news/nuova-call-nel-settore-delleconomia-blu-sostenibile,Blue Economy,N/A,A due fasi,"€ 300.000, oltre ad una quota Horizon che verrà definita successivamente"
06/11/2024,Sustainable Blue Economy: lanciato il secondo bando del partenariato europeo,L'invito è in due fasi con scadenza delle pre-proposal fissata al 10 aprile 2024,https://first.art-er.it/news/economia-blu-secondo-bando-di-sustainable-blue-economy,N/A,Unione Europea,A due fasi,€ 40.000.000
08/11/2024,EuroHPC: nuovo bando di gara per l'aggiornamento del supercomputer Leonardo,C'è tempo fino all'8 novembre per la presentazione delle candidature,https://first.art-er.it/news/bando-di-gara-eurohpc-supercomputer-leonardo,Artificial Intelligence,Unione Europea,Singola,€ 28.167.942
14/11/2024,Innovazione regionale: aperto il bando I3 Capacity Building Strand 2b,L'obiettivo è sostenere gli ecosistemi di innovazione delle regioni europee meno sviluppate,https://first.art-er.it/news/bando-capacity-building-strand-2b,Transizione verde,Unione Europea,A scadenza multipla,€ 26.000.000
15/11/2024,Italia-Turchia: nuovo bando per progetti di ricerca congiunta,"Il bando ha l'obiettivo di promuovere la ricerca scientifica e tecnologica, favorendo collaborazioni tra Italia e Turchia",https://first.art-er.it/news/bando-progetti-di-ricerca-tra-italia-e-turchia,,Italia,Singola,N/A
15/11/2024,Tecnologie innovative per la prevenzione sanitaria: nuovo bando per progetti di ricerca,"Il bando è stato pubblicato nell'ambito delle attività dello Spoke 1 di DARE, iniziativa finanziata dal Piano Nazionale Complementare al PNRR",https://first.art-er.it/news/prevenzione-digitale-bando-pnrr-ricerca,PNRR - Bandi a cascata,Italia,Singola,€ 7.662.402
15/11/2024,Formez lancia il premio 'PA OK!' a sostegno delle pubbliche amministrazioni,L’iniziativa promuove le best practice di rafforzamento della capacità amministrativa in sette differenti aree d’azione,https://first.art-er.it/news/formez-lancia-il-premio-pa-ok,N/A,Italia,Singola,N/A
18/11/2024,EIT Manufacturing: lanciato il nuovo bando Empowering SMEs 2024,Il bando si rivolge a PMI e startup e scade il 18 novembre 2024,https://first.art-er.it/news/eit-manufacturing-bando-empowering-smes-2024,N/A,Unione Europea,Singola,€ 1.000.000
19/11/2024,Interreg Italia-Croazia: aperto il bando OSI,"Il bando riguarda le Operazioni di Importanza Strategica e ha un budget di € 30,5 milioni",https://first.art-er.it/news/interreg-italia-croazia-primo-bando-osi-0,N/A,Unione Europea,Singola,€ 30.500.000
20/11/2024,Materiali avanzati: aperta la call 2024 della rete M-ERA.NET,L’obiettivo del bando è quello di finanziare progetti di ricerca e sviluppo tecnologico internazionali sui materiali e innovazione,https://first.art-er.it/news/materiali-avanzati-call-2024-della-rete-m-eranet,N/A,Unione Europea,A due fasi,€ 35.000.000
20/11/2024,EIT Urban Mobility: al via il bando “Strategic Business Alliance for Urban Mobility”,L'obiettivo è quello di creare opportunità commerciali ad alto potenziale in grado di accelerare la transizione sostenibile della mobilità urbana,https://first.art-er.it/news/bando-strategic-business-alliance-urban-mobility,N/A,Unione Europea,A scadenza multipla,€ 150.000
20/11/2024,Sicurezza civile per la società: pubblicato il bando Support to Security Research and Innovation 2024 di Horizon Europe,Il bando Support to Security Research and Innovation 2024 del Programma di lavoro Civil Security for Society di Horizon Europe contiene 2 topic con un budget complessivo di oltre 16 milioni di euro,https://first.art-er.it/news/bando-heu-su-support-security-research-and-innovation-2024,,Unione Europea,Singola,16.500.000€
20/11/2024,Sicurezza civile per la società: pubblicato il bando Disaster-Resilient Society 2024 di Horizon Europe,Il bando Disaster-Resilient Society 2024 del Programma di lavoro Civil Security for Society di Horizon Europe contiene 5 topic per un budget complessivo di 30 milioni di euro,https://first.art-er.it/news/bando-horizon-europe-su-disaster-resilient-society-2024,,Unione Europea,Singola,30.000.000€
20/11/2024,Sicurezza civile per la società: pubblicato il bando Increased cybersecurity 2024 di Horizon Europe,Il bando Increased cybersecurity 2024 del Programma di lavoro Civil Security for Society di Horizon Europe contiene 2 topic con un budget complessivo di oltre 60 milioni di euro,https://first.art-er.it/news/bando-horizon-europe-su-increased-cybersecurity-2024,,Unione Europea,Singola,60.400.000€
20/11/2024,Sicurezza civile per la società: pubblicato il bando Resilient Infrastructure 2024 di Horizon Europe,Il bando Resilient Infrastructure 2024 del Programma di lavoro Civil Security for Society di Horizon Europe contiene 3 topic con un budget complessivo di 16 milioni di euro,https://first.art-er.it/news/bando-horizon-europe-su-resilient-infrastructure-2024,,Unione Europea,Singola,16.000.000€
20/11/2024,Sicurezza civile per la società: pubblicato il bando Border Management 2024 di Horizon Europe,Il bando Border Management 2024 del Programma di lavoro Civil Security for Society di Horizon Europe contiene 5 topic con un budget complessivo di 29 milioni di euro,https://first.art-er.it/news/bando-horizon-europe-su-border-management-2024,,Unione Europea,Singola,29.000.000€
20/11/2024,Sicurezza civile per la società: pubblicato il bando Fighting Crime and Terrorism 2024 di Horizon Europe,Il bando Fighting Crime and Terrorism 2024 del Programma di lavoro Civil Security for Society di Horizon Europe contiene 8 per un budget di oltre 41 milioni di euro,https://first.art-er.it/news/bando-horizon-europe-su-fighting-crime-and-terrorism-24,,Unione Europea,N/A,€41.700.000
21/11/2024,6G-PATH: lanciata la prima open call del progetto,Il bando destinato allo sviluppo di servizi e applicazioni digitali sulla connettività rimarrà aperto fino al 21 novembre 2024,https://first.art-er.it/news/6g-path-lanciata-la-prima-open-call-del-progetto,Cascade funding,Unione Europea,Singola,€ 1.200.000
21/11/2024,Nuovo bando per progetti pilota per ridurre il pericolo delle munizioni nei mari europei,"Il bando vuole sostenere tecnologie e metodi per la rimozione, lo smaltimento e/o la neutralizzazione delle munizioni scaricate in mare",https://first.art-er.it/news/progetti-pilota-ridurre-il-pericolo-delle-munizioni-nei-mari-europei,N/A,Unione Europea,Singola,€ 5.590.000
23/11/2024,Settore marittimo e marino: nuova bando ESA per applicazioni commerciali della robotica spaziale,Il bando ESA cerca proposte per studi di fattibilità e progetti dimostrativi con tecnologie satellitari e robotiche,https://first.art-er.it/news/bando-esa-robotica-spaziale-il-settore-marino,N/A,Unione Europea,Singola,N/A
25/11/2024,NGI Sargasso: lanciata la quinta open call sul futuro di internet,"Il bando del progetto di Next Generation Internet contribuisce a rendere la rete più inclusiva, sicura e sostenibile e resterà aperta fino al 25 novembre 2024",https://first.art-er.it/news/ngi-sargasso-lanciata-la-quinta-open-call,Cascade funding,Unione Europea,Singola,€ 1.200.000
26/11/2024,"EIT Food: aperta la call ""Fast Track to Market 2024"" dedicata a startup e PMI del settore agroalimentare",Il programma mira a finanziare aziende che sviluppano soluzioni innovative per un sistema alimentare più sano e sostenibile,https://first.art-er.it/news/eit-food-lancia-il-fast-track-market-2024,N/A,Unione Europea,Singola,fino a € 250.000 per azienda selezionata
26/11/2024,"Salute: bando pre commerciale Ensuring access to innovative, sustainable and high-quality health care di Horizon Europe","Il bando di Horizon Europe è un Pre-commercial procurement per garantire l'accesso a sistemi sanitari innovativi, sostenibili e di alta qualità",https://first.art-er.it/news/salute-bando-ensuring-access-innovative-sustainable-and-high-quality-health-care,,Unione Europea,Singola,€ 15.000.000
26/11/2024,Salute: bando Global Alliance for Chronic Diseases di Horizon Europe,Il bando di Horizon Europe è dedicato alla Global Alliance for Chronic Diseases,https://first.art-er.it/news/salute-bando-global-alliance-chronic-diseases,,Unione Europea,Singola,€ 20.000.000
26/11/2024,Salute: bando European partnership for pandemic preparedness di Horizon Europe,Il bando di Horizon Europe è dedicato all'implementazione dell'European partnership for pandemic preparedness,https://first.art-er.it/news/salute-bando-european-partnership-pandemic-preparedness,,Unione Europea,Singola,€ 50.000.000
27/11/2024,fuTOURiSME: bando per progetti innovativi di PMI del settore turistico,"Il bando finanzierà 60 progetti, ciascuno con 30.000 euro, per aiutare le PMI nella transizione verde e digitale",https://first.art-er.it/news/futourisme-bando-progetti-innovativi-nel-turismo,N/A,Unione Europea,Singola,€ 1.800.000
27/11/2024,Horizon Europe: bando MSCA Doctoral Networks 2024,"Le MSCA Doctoral Networks mirano a formare dottorandi creativi, imprenditoriali, innovativi e resilienti, in grado di affrontare le sfide attuali e future",https://first.art-er.it/news/horizon-europe-bando-msca-doctoral-networks-2024,N/A,Unione Europea,Singola,608.600.000€
29/11/2024,Scienze della vita: pubblicato il nuovo bando di Enea Tech e Biomedical,Il bando finanzia progetti di ricerca che prevedono il ricorso a servizi e prestazioni forniti da istituzioni operanti nel sistema sanitario o della ricerca applicata,https://first.art-er.it/news/bando-enea-tech-e-biomedical-su-biomedicale,N/A,Italia,Singola,€ 40.000.000
29/11/2024,ESA: pubblicato un nuovo bando a sostegno del settore della mobilità elettrica,La scadenza per partecipare al bando è fissata al 29 novembre 2024,https://first.art-er.it/news/esa-nuovo-bando-sostegno-della-mobilita-elettrica,N/A,Unione Europea,Singola,fino a € 200.000 per progetto
29/11/2024,INSPIRE: al via la call dedicata alle autorità locali e regionali per contrastare l'Inquinamento dei fiumi,INSPIRE ha lanciato una nuova call per contrastare l'inquinamento fluviale in Unione europea,https://first.art-er.it/news/inspire-call-combattere-linquinamento-fluviale,Cascade funding,Unione Europea,Singola,500.000 €
29/11/2024,TRANSCAN-3: aperto un bando congiunto per terapie combinate di ricerca translazionale contro il cancro,TRANSCAN-3 ha pubblicato il 4° bando transnazionale congiunto per terapie combinate di ricerca translazionale contro il cancro,https://first.art-er.it/news/transcan-3-bando-terapie-contro-cancro,N/A,N/A,A due fasi,€ 2.000.000
30/11/2024,"Al via le candidature per Ready2Scale, il programma di accelerazione per startup digitali e deep-tech",Il programma offre servizi formativi e supporto finanziario a 25 start-up per un periodo di 6 mesi,https://first.art-er.it/news/ready2scale-bando-accelerare-startup-digitali,"Deep tech, Europa digitale",Unione Europea,A scadenza multipla,€ 1.500.000
30/11/2024,"Mobilità, Trasporti e Automotive: lanciato un nuovo bando RESIST per attività di formazione","La call finanzia opportunità di formazione e aggiornamento per PMI, startup e microimprese del comparto MTA",https://first.art-er.it/news/call-pmi-dellautomotive-resist,Cascade funding,Unione Europea,A scadenza multipla,€ 15.000
01/12/2024,Aperti i nuovi bandi dei progetti di Next Generation Internet,I nuovi bandi dell'iniziativa della Commissione europea esplorano il potenziale futuro di internet e chiuderanno il 1° dicembre 2024,https://first.art-er.it/news/nuovi-bandi-delliniziativa-ngi-su-internet-del-futuro,Deep tech,Unione Europea,Singola,€ 450.000 per NGI Fediversity€ 676.254 per NGI Taler€ 21.600.000 per NGI Zero Commons Fund€ 670.000 per NGI Mobifree
01/12/2024,ESA: al via un nuovo bando per applicazioni commerciali della robotica spaziale,"I sottotemi del bando riguardano: smart cities e infrastrutture, trasporti e logistica, energia e servizi di pubblica utilità, salute e sicurezza, settore marittimo e, infine, agricoltura",https://first.art-er.it/news/esa-applicazioni-commerciali-della-robotica-spaziale,N/A,Unione Europea,Singola,N/A
02/12/2024,EIT Urban Mobility: nuova open call SME Market Expansion 2025,Lo scopo della call è fornire alle PMI un supporto verso una mobilità urbana più verde e sostenibile,https://first.art-er.it/news/eit-urban-mobility-open-call-sme-market-expansion,N/A,Unione Europea,Singola,€ 892.500
02/12/2024,EBRAINS: lanciato un nuovo bando a supporto della ricerca digitale in ambito della vascolarizzazione cerebrale,Lo scopo della call è coinvolgere la comunità scientifica e di ricerca per integrare i modelli dell’albero vascolare del cervello con l'EBRAINS Human Brain Atlas,https://first.art-er.it/news/ebrains-lanciato-nuovo-bando,Cascade funding,Unione Europea,Singola,€ 60.000
03/12/2024,Progetto TALOS: lanciata la prima call sull'uso di robotica e Intelligenza Artificiale negli impianti fotovoltaici,L'obiettivo del progetto è quello di trasformare il settore energetico sfruttando la robotica avanzata e l'Intelligenza Artificiale,https://first.art-er.it/news/progetto-talos-lanciata-la-prima-call,"Artificial Intelligence, Cascade funding",Unione Europea,Singola,€ 1.800.000
05/12/2024,I3: lanciato un nuovo bando per progetti di innovazione interregionale,L'obiettivo è sostenere gli ecosistemi di innovazione delle regioni europee meno sviluppate,https://first.art-er.it/news/innovazione-regionale-aperto-nuovo-bando-i3,Transizione verde,Unione Europea,Singola,€ 31.000.000 - Strand 1€ 36.000.000 - Strand 2a
06/12/2024,"Al via la seconda edizione di Innovate Together 2024, la call a sostegno dell'innovazione nel settore manifatturiero",EFFRA ed EIT Manufacturing vogliono promuovere la collaborazione tra imprenditori e industria per sviluppare soluzioni sostenibili nel settore manifatturiero europeo,https://first.art-er.it/news/innovate-together-2024-al-la-seconda-edizione,N/A,Unione Europea,Singola,€ 5.000.000
06/12/2024,Proprietà intellettuale: al via l'edizione 2024 del Fondo EUIPO dedicato alle piccole e medie imprese,I fondi disponibili sono pari a € 20.000.000 e verranno assegnati tramite procedura a sportello aperto fino al 6 dicembre 2024,https://first.art-er.it/news/proprieta-intellettuale-voucher-le-pmi-europee,N/A,Italia,A sportello,€ 20.000.000
10/12/2024,Single Market: al via il nuovo bando per imprese dell'economia sociale,Capacity building e economia circolare i temi al centro del bando,https://first.art-er.it/news/single-market-bando-imprese-delleconomia-sociale,N/A,Unione Europea,Singola,€ 8.000.000
10/12/2024,Aperta la seconda open call del progetto FIDAL sul futuro della connettività,Il progetto FIDAL è finanziato dalla partnership europea Smart Networks and Services JU che supporta progetti legati alla connettività,https://first.art-er.it/news/progetto-fidal-seconda-open-call-aperta,Cascade funding,Unione Europea,Singola,€ 2.000.000
10/12/2024,Interreg Central Europe annuncia la prossima call per progetti su piccola scala,Il bando per soluzioni per le aree periferiche e meno sviluppate si aprirà dal 15 ottobre al 10 dicembre 2024,https://first.art-er.it/news/interreg-central-europe-call-progetti-su-piccola-scala,N/A,Unione Europea,Singola,€ 14.000.000
12/12/2024,EIT Higher Education Institutions: aperta la call per rafforzare la competitività dell'istruzione superiore,Il bando mira a favorire partnership con l'industria,https://first.art-er.it/news/bando-2024-innovazione-nellistruzione-superiore-ue,N/A,Unione Europea,Singola,€ 1.340.000
15/12/2024,Customer Discovery di ART-ER: aperta la nuova edizione del percorso dedicato alle PMI,"Il percorso mira a sostenere la convalida di idee innovative per determinare se i futuri clienti percepiscono valore nel prodotto, prima di effettuare investimenti in prodotti che potrebbero non ottenere successo sul mercato",https://first.art-er.it/news/pmi-bando-del-percorso-di-customer-discovery-art-er,N/A,N/A,A sportello,N/A
16/12/2024,Progetto AI REDGIO 5.0: lanciata la seconda open call per l'innovazione digitale nelle PMI,Il bando del progetto AI REDGIO 5.0 ha l’obiettivo di catalizzare l'innovazione digitale e sostenibile tramite l'Intelligenza Artificiale nel settore manifatturiero,https://first.art-er.it/news/ai-redgio-50-seconda-call-pmi-che-operano-con-ia,"Artificial Intelligence, Cascade funding",Unione Europea,Singola,€ 600.000
16/12/2024,Al via il programma Accelerate di EIT Manufacturing,Il bando si rivolge a startup e scaleup industriali dei Paesi UE e associati a Horizon Europe,https://first.art-er.it/news/programma-accelerate-eit-manufacturing,,Unione Europea,A scadenza multipla,€ 8.800.000
18/12/2024,Connecting Europe Facility: al via il bando per lo status di progetti di interesse comune o reciproco,Il programma CEF ha attualmente disponibili € 3.500.000.000 per la sezione Energia,https://first.art-er.it/news/cef-bando-progetti-di-interesse-comune-reciproco,N/A,Unione Europea,Singola,N/A
19/12/2024,MUR: pubblicato il bando Young Researchers 2024,La misura si articola in due filoni che puntano a finanziare almeno 250 giovani ricercatori premiati con borse di ricerca MSCA o con il Seal of Excellence MSCA,https://first.art-er.it/news/mur-pubblica-bando-young-researchers-2024,,Italia,Singola,€ 67.500.000
20/12/2024,"Mobilità, Trasporti e Automotive: lanciato un nuovo bando RESIST per attività di networking e marketing per le PMI",Lo scopo del bando è sostenere finanziariamente le PMI dell'ecosistema MTA e aiutarle nel loro processo di trasformazione verde e digitale,https://first.art-er.it/news/bando-resist-networking-e-marketing-le-pmi,N/A,Unione Europea,Singola,€ 15.000
22/12/2024,"Servizio ""Gestione dell'Innovazione"" di ART-ER dedicato alle PMI dell'Emilia-Romagna",Il servizio ha l’obiettivo di supportare l’impresa in maniera personalizzata verso un miglioramento della gestione dell’innovazione,https://first.art-er.it/news/bando-gestione-dellinnovazione-dedicato-alle-pmi-emiliane-1,N/A,N/A,Singola,N/A
27/12/2024,Progetto XR2Learn: lanciata la seconda open call per applicazioni di realtà estesa nella formazione,La call del progetto europeo XR2Learn mira all'applicazione della realtà estesa in ambito formativo e rimarrà aperta fino al 27 dicembre 2024,https://first.art-er.it/news/2deg-call-xr2learn-la-formazione-con-la-realta-estesa,Cascade funding,Unione Europea,Singola,€ 2.100.000
31/12/2024,Al via la nuova call di InnoEnergy per sostenere soluzioni energetiche sostenibili,I partecipanti selezionati riceveranno un supporto personalizzato per potenziare il loro business,https://first.art-er.it/news/innoenergy-call-soluzioni-energetiche-sostenibili,Transizione verde,Unione Europea,A scadenza multipla,N/A
31/12/2024,Al via i primi due bandi di GEMSTONE a sostegno della transizione verde delle PMI,"Il progetto europeo GEMSTONE offre alle PMI manifatturiere l'opportunità di accedere a finanziamenti e promuovere l'innovazione green, migliorando la sostenibilità produttiva",https://first.art-er.it/news/aperte-prime-del-call-del-progetto-gemstone,N/A,Unione Europea,Singola,€ 90.000
07/01/2025,CEF: aperto il bando per ottenere lo status di progetto transfrontaliero di energia rinnovabile,"Il bando permette ai progetti di ottenere lo status di CB RES, rafforzando la cooperazione energetica tra Stati membri dell'UE",https://first.art-er.it/news/energia-rinnovabilebando-progetti-transfrontalieri,N/A,Unione Europea,Singola,N/A
14/01/2025,MSCA: lanciato il bando Researchers at Risk 2024,Il bando a sostegno dei ricercatori a rischio resterà aperto fino al 14 gennaio 2025,https://first.art-er.it/news/msca-bando-ricercatori-europei-rischio,N/A,Unione Europea,Singola,€ 1.500.000
15/01/2025,Italia - Algeria: al via il nuovo bando per azioni congiunte di ricerca e innovazione,"La call promuove ricerca di base e industriale, la mobilità di studenti, docenti e ricercatori, attività di istruzione e formazione e azioni di apprendimento reciproco",https://first.art-er.it/news/italia-e-algeria-nuova-call-ricerca-e-innovazione-0,,Italia,Singola,€ 1.500.000
15/01/2025,Open innovation green: due nuovi bandi EcosistER per le imprese dell'Emilia-Romagna,"Pubblicati i bandi per partecipare alla seconda edizione dei due Programmi di Open Innovation organizzati nell’ambito del progetto EcosistER, finanziato dal PNRR per la Transizione Ecologica dell’Emilia-Romagna",https://first.art-er.it/news/ecosister-due-programmi-di-open-innovation-imprese-0,PNRR - Bandi a cascata,N/A,Singola,N/A
15/01/2025,Italia - Algeria: in arrivo il bando per azioni congiunte di ricerca e innovazione,Il bando verrà pubblicato il 30 settembre e finanzierà progetti di ricerca realizzati congiuntamente da almeno un'organizzazione italiana e una algerina,https://first.art-er.it/news/italia-e-algeria-nuova-call-ricerca-e-innovazione,,Italia,Singola,€ 1.500.000
16/01/2025,Europa Creativa – MEDIA: bando ‘Strumenti e modelli di business innovativi’,"L'obiettivo del bando è migliorare la visibilità, la disponibilità, l’audience e la diversità delle opere europee nell'era digitale",https://first.art-er.it/news/bando-strumenti-e-modelli-di-business-innovativi-0,N/A,Unione Europea,Singola,€ 8.000.000
16/01/2025,Horizon Europe: lanciati nuovi bandi a sostegno della ricerca e dell'innovazione nell'ambito delle Missioni UE,"In seguito all'adozione il 17 aprile scorso da parte della Commissione di un emendamento al Programma di Lavoro 2023-24 di Horizon Europe, anche il Work Programme Missions è stato aggiornato",https://first.art-er.it/news/bandi-sulle-missioni-di-heu-prossime-scadenze-0,,Unione Europea,A scadenza multipla,N/A
20/01/2025,SAFE: in apertura un nuovo bando a sostegno dei ricercatori a rischio,Da novembre 2024 la Commissione europea metterà a disposizione di 60 accademici internazionali a rischio delle borse di studio per aiutarli a proseguire la loro ricerca nell'Unione europea,https://first.art-er.it/news/safe-nuovo-bando-sostegno-dei-ricercatori-rischio,N/A,Unione Europea,Singola,€ 12.000.000
21/01/2025,Lanciati due nuovi bandi di Chips JU,Le call del partenariato europeo sui semiconduttori rimarranno aperte fino al 21 gennaio 2025,https://first.art-er.it/news/partenza-due-call-di-chips-ju-0,Quantum,Unione Europea,Singola,N/A
21/01/2025,"Bandi CEF Transport 2024: stanziati 2,5 miliardi per l'infrastruttura di trasporto europea","Le call CEF Transport 2024 finanziano progetti per ferrovie, porti e mobilità sicura, in linea con gli obiettivi del Green Deal europeo",https://first.art-er.it/news/aperti-i-bandi-cef-transport-2024-25-miliardi,,Unione Europea,Singola,€ 2.500.000.000
21/01/2025,A breve l'apertura di due nuovi bandi di Chips JU,Le call del partenariato europeo Chips JU rimarranno aperte tra il 24 settembre 2024 e il 21 gennaio 2025,https://first.art-er.it/news/partenza-due-call-di-chips-ju,Quantum,Unione Europea,Singola,N/A
21/01/2025,Europa Digitale: annunciati nuovi bandi per attuare la strategia digitale,"Le call riguardano l'implementazione di azioni previste dalla Strategia digitale su Progetti Multi-Paese, cybersecurity europea, qualità dell'informazione digitale, competenze avanzate e gemelli digitali locali",https://first.art-er.it/news/programma-europa-digitale-aperti-nuovi-bandi,"Città del futuro, Deep tech, Europa digitale, Talenti e competenze",Unione Europea,A scadenza multipla,N/A
22/01/2025,EU4Health 2024: pubblicati sette nuovi bandi,Il budget totale disponibile è di circa 19 milioni di euro e la scadenza è fissata al 22 gennaio 2025,https://first.art-er.it/news/eu4health-2024-pubblicati-sette-nuovi-bandi,N/A,Unione Europea,Singola,€ 18.950.000
22/01/2025,"Cultura, creatività e società inclusiva: bando ""A European Collaborative Cloud for Cultural Heritage 2024""",Il bando sostiene la creazione di uno spazio collaborativo digitale per il patrimonio culturale con un budget complessivo pari a 48 milioni di euro,https://first.art-er.it/news/european-collaborative-cloud-cultural-heritage-2024,Industrie creative,Unione Europea,Singola,€ 48.000.000
28/01/2025,European Defence Industrial Development Programme: nuovo bando per esperti indipendenti,L'EDIDP è alla ricerca di esperti per la valutazione delle proposte progettuali che saranno presentate in risposta ai bandi lanciati nel 2019,https://first.art-er.it/news/european-defence-industrial-development-programme-nuovo-bando-esperti-indipendenti,Difesa UE,Unione Europea,Singola,N/A
31/01/2025,Al via i bandi per gli Eni Award 2025,I bandi intendono premiare ricercatori italiani e stranieri per i loro sforzi a favore di R&I in ambito energetico,https://first.art-er.it/news/bandi-eni-award-2025,N/A,N/A,Singola,N/A
31/01/2025,EIT Urban Mobility: pubblicata nuova call a sostegno di startup nell'ambito della mobilità sostenibile,La call mira a promuovere startup che sviluppano soluzioni per mobilità urbana sostenibile,https://first.art-er.it/news/call-nellambito-della-mobilita-sostenibile,Start-up in Europa,Unione Europea,A scadenza multipla,€ 12.000.000
04/02/2025,"Horizon Europe: bando Efficient, sustainable and inclusive energy use 2024","Si è aperto il 17 settembre 2024 il quarto bando del Cluster Climate, Energy and Mobility di Horizon Europe dedicato agli obiettivi del partenariato Built4People",https://first.art-er.it/news/efficient-sustainable-and-inclusive-energy-use-2024-0,"Città del futuro, Transizione verde",Unione Europea,Singola,€ 50.000.000
04/02/2025,Al via il nuovo bando per la rete Enterprise Europe Network,Saranno selezionati i consorzi della rete Enterprise Europe Network per il periodo dal 1° luglio 2025 al 31 dicembre 2028,https://first.art-er.it/news/bando-enterprise-europe-network,N/A,Unione Europea,A scadenza multipla,€ 182.500.000
04/02/2025,"Horizon Europe: bando Sustainable, secure and competitive energy supply",Il bando per la fornitura energetica sostenibile prevede 13 topic per un budget complessivo di oltre 138 milioni di €,https://first.art-er.it/news/bando-heu-energia-competitiva-e-sostenibile-0,Transizione verde,Unione Europea,Singola,138.60 milioni di €
05/02/2025,Horizon Europe: bando MSCA Staff Exchange 2024,Il bando finanzia scambi internazionali e intersettoriali a breve termine di membri del personale coinvolti in attività di ricerca e innovazione delle organizzazioni partecipanti,https://first.art-er.it/news/horizon-europe-il-bando-msca-staff-exchange-2024,,Unione Europea,Singola,99.466.431 €
12/02/2025,Europa Creativa – MEDIA: bando ‘Sviluppo di videogame e contenuti immersivi’,Sovvenzioni a progetti per lo sviluppo di videogiochi e esperienze immersive interattive destinati alla produzione e allo sfruttamento commerciale,https://first.art-er.it/news/bando-sviluppo-di-videogame-e-contenuti-immersivi-0,N/A,Unione Europea,Singola,€ 7.000.000
14/02/2025,"INGENIOUS: lanciato il bando ""Training Grants"" al sostegno delle PMI",L'obiettivo del bando è quello di sostenere le competenze digitali delle PMI e aiutarle nella loro transizione verde,https://first.art-er.it/news/ingenious-training-grants,N/A,Unione Europea,Singola,€ 25.000
18/02/2025,FEAMPA – Progetti faro regionali 2025 a supporto dell'economia blu nei bacini marittimi dell’UE,I progetti devono riguardare la specializzazione intelligente nell'economia blu oppure dimostrare i benefici ambientali dell'agricoltura oceanica rigenerativa,https://first.art-er.it/news/feampa-progetti-faro-regionali-sulleconomia-blu-2025-0,Blue Economy,Unione Europea,Singola,"€ 5, 7 milioni"
28/02/2025,ESA: in apertura il bando per proposte space-based per la decarbonizzazione marittima,"Il bando ESA si articola in sotto-temi, in apertura dal 1° giugno 2024 fino a febbraio 2025",https://first.art-er.it/news/bando-esa-decarbonizzare-lindustria-marittima,N/A,Unione Europea,N/A,N/A
28/02/2025,Interreg Euro Med: pubblicato il bando per Progetti tematici territoriali strategici,Il bando si apre il 18 giugno e finanzierà progetti che rispondono a sfide comuni dei territori coinvolti,https://first.art-er.it/news/interreg-euro-med-progetti-tematici-territoriali-strategici,,Unione Europea,A due fasi,€ 35.000.000
04/03/2025,Nuova call RENEWFM per progetti di energia fotovoltaica ed eolica,Aperto il secondo bando transfrontaliero nell’ambito del meccanismo di finanziamento delle energie rinnovabili dell'UE,https://first.art-er.it/news/renewfm-lanciato-il-secondo-bando,N/A,Unione Europea,Singola,€ 52.400.000
24/03/2025,Tecnologie spaziali: aperte le candidature per la CASSINI Challenges 2025,La challenge premia le migliori soluzioni che dimostrino il potenziale delle tecnologie spaziali per accrescere la competitività globale delle aziende europee,https://first.art-er.it/news/cassini-challenges-2025-aperte-le-candidature,N/A,Unione Europea,Singola,€ 1.150.000
02/04/2025,Clean Energy Transition Partnership: annunciato il bando congiunto,La CETPartnership Joint Call 2024 sostiene la ricerca e l'innovazione nel settore delle energie pulite,https://first.art-er.it/news/cetpartnership-pubblicata-la-joint-call-2024,N/A,Unione Europea,A scadenza multipla,€ 100.000.000
11/04/2025,Biodiversa+: al via il nuovo bando di ricerca congiunto transnazionale sulla biodiversità,"La partnership europea Biodiversa+ ha pubblicato il bando trasnazionale “Societal Transformation - BiodivTransform”, con scadenza in due fasi",https://first.art-er.it/news/biodiversa-nuovo-bando,N/A,Unione Europea,A due fasi,€ 40.000.000
24/04/2025,Al via il bando Driving Urban Transitions 2024,Lanciata la call del partenariato sulle sfide per le transizioni urbane,https://first.art-er.it/news/bando-dut-2024-sulle-sfide-urbane,Città del futuro,Unione Europea,A due fasi,€ 80.000.000
29/04/2025,Water4All: aperto il terzo bando transnazionale congiunto,Il bando “Water for circular economy” del partenariato sulla sicurezza idrica vedrà la scadenza per la presentazione delle pre-proposte il 13 novembre 2024,https://first.art-er.it/news/water4all-3deg-bando-transnazionale-0,N/A,Unione Europea,A due fasi,€ 35.000.000
30/04/2025,RER: pubblicato bando per progetti di promozione del sistema produttivo regionale sui mercati esteri 2024-2025,"Il nuovo bando regionale supporta le PMI emiliano-romagnole per espandere le loro attività all'estero, in preparazione all'Expo Osaka 2025",https://first.art-er.it/news/verso-expo-osaka-2025-bando-sostegno-delle-pmi,N/A,N/A,Singola,€ 1.760.000
30/05/2025,RER: nuovo bando per promuovere collaborazioni con enti di ricerca e atenei esteri,"Il bando finanzia studi di fattibilità per attività, collaborazioni e insediamenti di università e istituti di ricerca esteri in Emilia-Romagna",https://first.art-er.it/news/bando-rer-collaborazioni-con-atenei-esteri,N/A,N/A,Singola,N/A
31/05/2025,Al via il bando per il supporto ai piani per la transizione sostenibile delle PMI,Il bando mira a identificare e coinvolgere PMI di tutti i settori per aiutarle a sviluppare i loro piani di transizione sostenibile e favorire l'attrazione degli investimenti,https://first.art-er.it/news/bando-piani-transizione-sostenibile-delle-pmi,"Cascade funding, Transizione verde",Unione Europea,A sportello,N/A
30/06/2025,Transizione digitale: al via il Digital Transition Fund dedicato alle start-up,"il Fondo punta a sostenere 250 imprese target nei settori dell’Intelligenza Artificiale, del cloud, dell’assistenza sanitaria, dell’Industria 4.0, della cybersicurezza, del fintech e delle blockchain tramite investimenti di venture capital diretti e indiretti",https://first.art-er.it/news/digital-transition-fund-la-transizione-digitale,,Italia,A sportello,€ 300.000.000
01/08/2025,FRIEND CCI: aperto invito a manifestare interesse per fornitori di servizi per le industrie creative e culturali,"I servizi includono digitalizzazione, formazione e consulenza",https://first.art-er.it/news/friend-cci-call-sulle-imprese-culturali-e-creative,Transizione verde,Unione Europea,Singola,N/A
10/09/2025,Ampliare la partecipazione e rafforzare lo Spazio Europeo della Ricerca: bando ERA Fellowships 2025 di Horizon Europe,Il bando ERA Fellowships 2025 ha un budget di 8 milioni di euro e si aprirà il 9 aprile 2025,https://first.art-er.it/news/widening-participation-bando-era-fellowships-2025,,Unione Europea,Singola,€ 8.000.000
11/09/2025,Meccanismo per la transizione giusta: pubblicata la prima call,"Il bando si articola in due topic e prevede cut off multipli, il primo dei quali previsto per il 19 ottobre 2022",https://first.art-er.it/news/prima-call-del-meccanismo-transizione-giusta,Transizione verde,Unione Europea,A scadenza multipla,€1.459.500.000
30/09/2025,Pubblicato il bando per la cooperazione internazionale nella ricerca nucleare,Sono previsti cut-off multipli a seconda delle due tipologie di candidature e il bando rimarrà aperto fino al 20 settembre 2025,https://first.art-er.it/news/bando-cooperazione-internazionale-su-ricerca-nucleare,N/A,Unione Europea,A scadenza multipla,€ 7.000.000
13/11/2025,EIT Food: lanciati i bandi dell'Impact Funding Framework,I due programmi di finanziamento prevedono scadenze multiple fino a novembre 2025,https://first.art-er.it/news/eit-food-bandi-impact-funding-framework,Cascade funding,Unione Europea,A scadenza multipla,€ 30.000.000
13/11/2025,EIT Food: in partenza nuovi bandi per azioni d'impatto sul sistema alimentare,I bandi a disposizione riguardano il programma per missioni collaborative e quello per opportunità di cofinanziamento per singoli progetti,https://first.art-er.it/news/eit-food-bandi-azioni-dimpatto,N/A,Unione Europea,A scadenza multipla,tra € 250.000 e € 750.000 per proposta all'anno € 30.000.000 complessivi per i progetti singoli
28/11/2025,EIT RawMaterials: lanciata la call KAVA 13 per progetti innovativi nel settore delle materie prime,"I progetti selezionati dovranno mirare a una rapida commercializzazione, dimostrando un elevato potenziale di mercato e benefici ecologici significativi",https://first.art-er.it/news/eit-rawmaterials-lancia-la-call-kava-13,N/A,Unione Europea,A scadenza multipla,€ 500.000 - € 2.500.000
10/12/2025,Programma Spazio dell'UE: aperta la call per esperti,Il bando nell'ambito del Programma EU Space si rivolge a professionisti con esperienza comprovata di almeno 5 anni,https://first.art-er.it/news/call-esperti-del-programma-spazio-ue,N/A,Unione Europea,N/A,€ 600/€ 1.000 al giorno per esperti/esperti senior
10/12/2025,EUSPA: aperte le candidature per esperti,"Gli esperti selezionati supporteranno EUSPA valutando domande di finanziamento, monitorando progetti UE e fornendo consulenze specialistiche",https://first.art-er.it/news/euspa-aperte-le-candidature-esperti-esterni,N/A,Unione Europea,Singola,600 / 1000 € al giorno
17/12/2025,Trasporti: pubblicato il nuovo bando CEF per un'infrastruttura di combustibili alternativi,"Il bando prevede tre cut-off tra il 2024 e il 2025, per un budget complessivo di € 1.000.000.000",https://first.art-er.it/news/bando-cef-infrastruttura-combustibili-alternativi,N/A,Unione Europea,A scadenza multipla,€ 1.000.000.000
31/12/2025,EuroHPC: lanciate due nuove call per avviare le AI Factories,"I bandi selezioneranno gli enti che ospiteranno e gestiranno supercomputer ottimizzati per l'IA, piattaforme sperimentali di IA e AI Factories in tutta Europa",https://first.art-er.it/news/eurohpc-due-nuove-call-avviare-le-ai-factories,Artificial Intelligence,Unione Europea,A scadenza multipla,N/A
31/12/2025,EIT Raw Materials: aperta nuova Booster Call 2024-2025 dedicata a startup e PMI,Lo scopo è quello di fornire supporto a startup e PMI che sviluppano soluzioni sostenibili nel settore delle materie prime,https://first.art-er.it/news/eit-raw-materials-aperta-startup-and-sme-booster-call,Cascade funding,Unione Europea,A scadenza multipla,€ 10.000.000
31/12/2025,Al via il nuovo bando della rete Eureka per progetti di network in ricerca e sviluppo,"Eureka è il più grande network pubblico per progetti di ricerca, sviluppo e innovazione, presente in 45 Stati al mondo",https://first.art-er.it/news/bando-eureka-progetti-network,N/A,Unione Europea,Singola,N/A
20/01/2026,Ampliare la partecipazione e rafforzare lo Spazio Europeo della Ricerca: atteso per dicembre il nuovo bando Teaming for Excellence di Horizon Europe,Il bando Teaming for Excellence 2025 conterrà un nuovo topic con budget di 270 milioni di euro e scadenze previste per il 10 aprile 2025 (1° stage) e 20 gennaio 2026 (2° stage),https://first.art-er.it/news/widening-participation-bando-teaming-excellence-0,,Unione Europea,A due fasi,270.000.000
01/12/2027,Fondo europeo per la difesa: la Commissione europea ricerca esperti valutatori,Il bando mira a selezionare esperti indipendenti per assitere la Commissione europea nell'ambito del FED,https://first.art-er.it/news/bando-esperti-valutazione-finaziamenti-fed,N/A,Unione Europea,Singola,N/A
31/12/2027,Research Fund for Coal and Steel: aperta una selezione di esperti indipendenti,La REA è alla ricerca di esperti indipendenti che assistano la valutazione delle proposte presentate per i finanziamenti nell'ambito del Fondo di ricerca per il carbone e l'acciaio,https://first.art-er.it/news/research-fund-coal-and-steel-selezione-di-esperti,N/A,Unione Europea,A sportello,N/A
31/12/2027,L'EIT è alla ricerca di esperti di Knowledge Triangle Integration,"La call è centrata sulla selezione di esperti di Knowledge Triangle Integration per valutare, monitorare e rivedere il modello di innovazione dell'EIT e le Comunità dell'Innovazione",https://first.art-er.it/news/eit-ricerca-esperti-di-knowledge-triangle-integration,N/A,Unione Europea,A sportello,N/A
31/12/2027,Tecnologie green: nuova richiesta per proposte progettuali della EU-Catalyst Partnership,L'obiettivo è mobilitare finanziamenti pubblici e privati per progetti emergenti di tecnologia climatica,https://first.art-er.it/news/tecnologie-green-nuova-richiesta-proposte-progettuali,,Unione Europea,A scadenza multipla,€820.000.000
31/12/2027,"""A Soil Deal for Europe"": la Commissione europea ricerca esperti valutatori",Il bando mira a selezionare esperti per valutare e finanziare le migliori idee innovative che potrebbero far progredire la protezione e il ripristino dei suoli,https://first.art-er.it/news/soil-deal-europe-la-commissione-ricerca-esperti,N/A,Unione Europea,A sportello,N/A
31/12/2027,CINEA cerca esperti valutatori nei settori di trasporti ed energia,CINEA sta cercando esperti con esperienza per valutare le proposte di progetto presentate nell'ambito del Connecting Europe Facility (CEF),https://first.art-er.it/news/cinea-cerca-esperti-valutatori-trasporti-ed-energia,N/A,Unione Europea,A sportello,N/A
31/12/2027,Salute e digitale: HaDEA ricerca nuovi esperti,I profili ricercati sono soggetti con un alto livello di competenze ed esperienza professionale in tutti i campi delle politiche e delle azioni dell'UE,https://first.art-er.it/news/salute-e-digitale-hadea-ricerca-nuovi-esperti,N/A,Unione Europea,A sportello,N/A
31/12/2027,La Commissione europea ricerca esperti di valutazione per il nuovo programma I3,"Si cercano esperti con un alto livello di competenza ed esperienza professionale nel settore delle strategie di specializzazione intelligente, degli ecosistemi di innovazione interregionali e dei temi correlati",https://first.art-er.it/news/i3-alla-ricerca-di-esperti-di-valutazione,N/A,Unione Europea,A sportello,N/A
31/12/2027,EIC: aperto il bando Corporate Partnership Programme Call,Nuove collaborazioni con le più grandi e innovative corporate d'Europa,https://first.art-er.it/news/eic-corporate-partnership-programme-call,N/A,Unione Europea,A sportello,N/A
31/12/2027,La Commissione europea ricerca esperti per la nuova programmazione 2021-2027,"Gli esperti potranno essere contattati durante il 2021-2027 per un incarico relativo a qualsiasi programma di finanziamento UE, incluso Horizon Europe",https://first.art-er.it/news/la-commissione-europea-ricerca-esperti-il-2021-2027,N/A,Unione Europea,Singola,N/A
31/12/2027,Call for expression of interest: entra nell’elenco esperti di ART-ER per servizi di consulenza nella scrittura e gestione di progetti europei su R&I,"L'invito mira a creare una lista di esperti in scrittura e gestione di progetti europei, da fornire su richiesta ai soggetti regionali interessati",https://first.art-er.it/news/elenco-esperti-europrogettazione,N/A,Unione Europea,Singola,N/A
,Tecnologie pulite: in arrivo il nuovo bando e la nuova asta nell'ambito dell'Innovation Fund,"L'asta nell'ambito dell'Innovation Fund sosterrà i produttori di idrogeno rinnovabile con 1,2 miliardi di euro, contribuendo alla crescita del mercato europeo",https://first.art-er.it/news/innovation-fund-arrivo-bando-e-asta-sullidrogeno,Transizione verde,Unione Europea,N/A,Fino a € 1.200.000.000 per l'auction
,"Proprietà intellettuale: pubblicati i nuovi bandi Brevetti+, Marchi+ e Disegni+",Le agevolazioni mirano a favorire la brevettabilità delle innovazioni tecnologiche e la valorizzazione di idee progettuali per le PMI e microimprese italiane,https://first.art-er.it/news/mimit-brevetti-disegni-marchi-0,N/A,Italia,A sportello,€ 32.000.000
,MIMIT: al via un nuovo bando per progetti di ricerca e sviluppo delle imprese del Mezzogiorno,"I progetti devono riguardare attività di ricerca industriale e sviluppo sperimentale di rilevanza strategica per il sistema produttivo, coerentemente con la Strategia nazionale di specializzazione intelligente",https://first.art-er.it/news/bando-mimit-progetti-innovativi-nel-mezzogiorno-0,Artificial Intelligence,N/A,A sportello,€ 470.000.000
,MIMIT - Transizione 5.0,"Il Piano Transizione 5.0 vuole favorire la trasformazione dei processi produttivi delle imprese, rispondendo alle sfide della transizione digitale ed energetica",https://first.art-er.it/news/mimit-transizione-50,,Italia,A sportello,N/A
,"Nuovo bando per contratti di sviluppo “Net zero, Rinnovabili e Batterie”",La misura PNRR sostiene gli investimenti privati per il rafforzamento delle catene di produzione dei dispositivi utili per la transizione ecologica,https://first.art-er.it/news/contratti-di-sviluppo-net-zero-rinnovabili-e-batterie,N/A,Italia,A sportello,€ 1.739.000.000
,MIMIT: nuovo bando per progetti di ricerca e sviluppo delle imprese del Mezzogiorno,"I progetti devono riguardare attività di ricerca industriale e sviluppo sperimentale di rilevanza strategica per il sistema produttivo, coerentemente con la Strategia nazionale di specializzazione intelligente",https://first.art-er.it/news/bando-mimit-progetti-innovativi-nel-mezzogiorno,N/A,N/A,A sportello,€ 473.430.000
,Semiconduttori: pubblicato il bando MIMIT per nuovi contratti di sviluppo,Il bando finanzia progetti pari o superiori a 20 milioni di euro che sostengono la crescita e lo sviluppo tecnologico della catena di approvvigionamento dei semiconduttori,https://first.art-er.it/news/contratti-di-sviluppo-nuovo-bando-del-mimit,N/A,Italia,A sportello,€ 3.292.000.000
,MIMIT - Contratti di Sviluppo,Il Contratto di Sviluppo è il principale strumento agevolativo dedicato al sostegno di programmi di investimento produttivi strategici ed innovativi di grandi dimensioni,https://first.art-er.it/news/mimit-contratti-di-sviluppo-0,N/A,Italia,A sportello,N/A
,Data space per comunità intelligenti e sostenibili: in arrivo il nuovo bando per progetti pilota di implementazione dell'iniziativa,"La call si aprirà il 17 gennaio 2024 e sarà rivolta a proposte pilota per l'implementazione dell'iniziativa, nell'ottica di promozione della sostenibilità",https://first.art-er.it/news/annunciato-il-bando-delliniziativa-europea-ds4sscc,Transizione verde,Unione Europea,N/A,€ 15.000.000
,Fondo per l'innovazione in agricoltura,"Il Fondo sostiene la realizzazione e lo sviluppo di progetti di innovazione finalizzati all'incremento della produttività nei settori dell'agricoltura, della pesca e dell'acquacoltura",https://first.art-er.it/news/fondo-innovazione-agricoltura,N/A,Italia,A sportello,€ 75.000.000
,Lanciata l'iniziativa Investimenti Sostenibili 4.0 a favore delle PMI del Mezzogiorno,"La misura promuoverà investimenti imprenditoriali all'avanguardia e sostenibili, dando importanza all'adozione delle tecnologie digitali",https://first.art-er.it/news/lanciata-liniziativa-investimenti-sostenibili-40-favore-delle-pmi-del-mezzogiorno,PNRR - Bandi a cascata,N/A,A sportello,€ 400.000.000
,Al via il Green Transition Fund per startup e venture capital attivi nella transizione ecologica,Il Green Transition Fund mette a disposizione investimenti diretti e indiretti per sostenere l'innovazione delle startup,https://first.art-er.it/news/green-transition-fund-250milioni-eu-la-transizione-verde,,Italia,A sportello,€ 250.000.000
,"MISE - Green New Deal: bando per progetti di ricerca, sviluppo e innovazione per la transizione ecologica e circolare","Potranno presentare domanda le imprese di qualsiasi dimensione che esercitano attività industriali, agroindustriali, artigiane, di servizi all’industria e centri di ricerca, singolarmente o in forma congiunta",https://first.art-er.it/news/green-new-deal-dal-17-novembre-alle-domande,N/A,Italia,A sportello,750.000.000
,MISE - Imprese dell’economia sociale,"La misura del MISE mira a promuovere la diffusione e il rafforzamento dell'economia sociale, sostenendo la nascita e la crescita delle imprese italiane che operano in questo campo",https://first.art-er.it/news/mise-imprese-delleconomia-sociale-al-le-domande,N/A,Italia,A sportello,200.000.000
,MISE: pubblicato il nuovo bando per la realizzazione di investimenti nella filiera degli autobus elettrici,"La misura è complementare a quella dedicata ai nuovi Contratti di sviluppo per investimenti in settori strategici e innovativi (ancora attiva), ma prevede programmi di dimensioni minori",https://first.art-er.it/news/mise-pubblicato-il-nuovo-bando-la-realizzazione-di-investimenti-nella-filiera-degli-autobus,,Italia,A sportello,80 milioni
,"Il CINEA cerca esperti per partecipare all'iniziativa ""Green Assist""",Gli esperti saranno mobilitati per rispondere alle richieste di servizi di consulenza in materia di investimenti ecologici,https://first.art-er.it/news/cinea-ricerca-esperti-iniziativa-green-assist,N/A,Unione Europea,A sportello,N/A
,Materie prime critiche: lanciato un concorso per idee imprenditoriali,L’obiettivo è sostenere nuove idee di business per promuovere la gestione sostenibile delle materie prime critiche,https://first.art-er.it/news/materie-prime-critiche-business-idea-competition,N/A,Unione Europea,N/A,N/A
,MISE - Oltre Nuove Imprese a Tasso Zero,Giovani e donne che vogliono avviare nuove imprese su tutto il territorio nazionale possono richiedere finanziamenti agevolati a tasso zero,https://first.art-er.it/news/al-lincentivo-oltre-nuove-imprese-tasso-zero,N/A,Italia,A sportello,N/A
,Imprese turistico-culturali: al via lo sportello per gli incentivi di Cultura Crea 2.0,"L’incentivo Cultura Crea 2.0 sostiene le imprese e organizzazioni no profit nel settore turistico-culturale delle regioni Basilicata, Calabria, Campania, Puglia e Sicilia",https://first.art-er.it/news/al-cultura-crea-20-imprese-turistico-culturali,N/A,N/A,A sportello,N/A
,MISE: bando per la trasformazione digitale delle PMI,"Il bando sostiene micro imprese e PMI del settore manifatturiero, turistico e commerciale per l'applicazione di tecnologie digitali avanzate",https://first.art-er.it/news/mise-bando-trasformazione-digitale-delle-pmi,N/A,Italia,A sportello,100.000.000
,Economia circolare: bando MISE per progetti di ricerca e sviluppo,"Il bando punta a favorire la transizione delle attività economiche verso un modello di economia circolare, finalizzata alla riconversione produttiva del tessuto industriale",https://first.art-er.it/news/economia-circolare-arrivo-bando-mise-progetti-di-rs,,Italia,A sportello,217.000.000
,MISE - Sostegno alle startup innovative (Smart & Start Italia),Smart&Start Italia è uno strumento agevolativo che sostiene la nascita e la crescita delle startup innovative ad alto contenuto tecnologico,https://first.art-er.it/news/mise-incentivo-smart-start-italia,N/A,Italia,A sportello,N/A
,Al via la misura Resto al Sud,Resto al Sud è l’incentivo che sostiene la nascita di nuove attività imprenditoriali avviate da giovani nelle regioni del Mezzogiorno,https://first.art-er.it/news/al-la-misura-resto-al-sud,N/A,N/A,A sportello,1.250.000
,Avviso per la presentazione di candidature per il nuovo albo di esperti tecnico-scientifici del MIUR,"REPRISE, Register of Expert Peer-Review for Italian Scientific Evaluation, è un registro di esperti scientifici indipendenti, italiani e stranieri, istituito presso il Ministero dell’Istruzione, dell’Università e della Ricerca (MIUR).",https://first.art-er.it/news/avviso-la-presentazione-di-candidature-il-nuovo-albo-di-esperti-tecnico-scientifici-del-miur,N/A,Italia,A sportello,N/A
